Date,HomeTeam,AwayTeam,FTHG,FTAG,FTR,date,home_team,away_team,home_goals,away_goals,result
19/08/23,Empoli,Verona,0,1,A,2023-08-19,Empoli,Verona,0,1,2
19/08/23,Frosinone,Napoli,1,3,A,2023-08-19,Frosinone,Napoli,1,3,2
19/08/23,Genoa,Fiorentina,1,4,A,2023-08-19,Genoa,Fiorentina,1,4,2
19/08/23,Inter,Monza,2,0,H,2023-08-19,Inter,Monza,2,0,1
20/08/23,Roma,Salernitana,2,2,D,2023-08-20,Roma,Salernitana,2,2,X
20/08/23,Sassuolo,Atalanta,0,2,A,2023-08-20,Sassuolo,Atalanta,0,2,2
20/08/23,Lecce,Lazio,2,1,H,2023-08-20,Lecce,Lazio,2,1,1
20/08/23,Udinese,Juventus,0,3,A,2023-08-20,Udinese,Juventus,0,3,2
21/08/23,Torino,Cagliari,0,0,D,2023-08-21,Torino,Cagliari,0,0,X
21/08/23,Bologna,Milan,0,2,A,2023-08-21,Bologna,Milan,0,2,2
26/08/23,Frosinone,Atalanta,2,1,H,2023-08-26,Frosinone,Atalanta,2,1,1
26/08/23,Monza,Empoli,2,0,H,2023-08-26,Monza,Empoli,2,0,1
26/08/23,Milan,Torino,4,1,H,2023-08-26,Milan,Torino,4,1,1
26/08/23,Verona,Roma,2,1,H,2023-08-26,Verona,Roma,2,1,1
27/08/23,Fiorentina,Lecce,2,2,D,2023-08-27,Fiorentina,Lecce,2,2,X
27/08/23,Juventus,Bologna,1,1,D,2023-08-27,Juventus,Bologna,1,1,X
27/08/23,Lazio,Genoa,0,1,A,2023-08-27,Lazio,Genoa,0,1,2
27/08/23,Napoli,Sassuolo,2,0,H,2023-08-27,Napoli,Sassuolo,2,0,1
28/08/23,Salernitana,Udinese,1,1,D,2023-08-28,Salernitana,Udinese,1,1,X
28/08/23,Cagliari,Inter,0,2,A,2023-08-28,Cagliari,Inter,0,2,2
01/09/23,Sassuolo,Verona,3,1,H,2023-09-01,Sassuolo,Verona,3,1,1
01/09/23,Roma,Milan,1,2,A,2023-09-01,Roma,Milan,1,2,2
02/09/23,Bologna,Cagliari,2,1,H,2023-09-02,Bologna,Cagliari,2,1,1
02/09/23,Udinese,Frosinone,0,0,D,2023-09-02,Udinese,Frosinone,0,0,X
02/09/23,Atalanta,Monza,3,0,H,2023-09-02,Atalanta,Monza,3,0,1
02/09/23,Napoli,Lazio,1,2,A,2023-09-02,Napoli,Lazio,1,2,2
03/09/23,Inter,Fiorentina,4,0,H,2023-09-03,Inter,Fiorentina,4,0,1
03/09/23,Torino,Genoa,1,0,H,2023-09-03,Torino,Genoa,1,0,1
03/09/23,Empoli,Juventus,0,2,A,2023-09-03,Empoli,Juventus,0,2,2
03/09/23,Lecce,Salernitana,2,0,H,2023-09-03,Lecce,Salernitana,2,0,1
16/09/23,Juventus,Lazio,3,1,H,2023-09-16,Juventus,Lazio,3,1,1
16/09/23,Inter,Milan,5,1,H,2023-09-16,Inter,Milan,5,1,1
16/09/23,Genoa,Napoli,2,2,D,2023-09-16,Genoa,Napoli,2,2,X
17/09/23,Cagliari,Udinese,0,0,D,2023-09-17,Cagliari,Udinese,0,0,X
17/09/23,Frosinone,Sassuolo,4,2,H,2023-09-17,Frosinone,Sassuolo,4,2,1
17/09/23,Monza,Lecce,1,1,D,2023-09-17,Monza,Lecce,1,1,X
17/09/23,Fiorentina,Atalanta,3,2,H,2023-09-17,Fiorentina,Atalanta,3,2,1
17/09/23,Roma,Empoli,7,0,H,2023-09-17,Roma,Empoli,7,0,1
18/09/23,Salernitana,Torino,0,3,A,2023-09-18,Salernitana,Torino,0,3,2
18/09/23,Verona,Bologna,0,0,D,2023-09-18,Verona,Bologna,0,0,X
22/09/23,Salernitana,Frosinone,1,1,D,2023-09-22,Salernitana,Frosinone,1,1,X
22/09/23,Lecce,Genoa,1,0,H,2023-09-22,Lecce,Genoa,1,0,1
23/09/23,Milan,Verona,1,0,H,2023-09-23,Milan,Verona,1,0,1
23/09/23,Sassuolo,Juventus,4,2,H,2023-09-23,Sassuolo,Juventus,4,2,1
23/09/23,Lazio,Monza,1,1,D,2023-09-23,Lazio,Monza,1,1,X
24/09/23,Empoli,Inter,0,1,A,2023-09-24,Empoli,Inter,0,1,2
24/09/23,Atalanta,Cagliari,2,0,H,2023-09-24,Atalanta,Cagliari,2,0,1
24/09/23,Udinese,Fiorentina,0,2,A,2023-09-24,Udinese,Fiorentina,0,2,2
24/09/23,Bologna,Napoli,0,0,D,2023-09-24,Bologna,Napoli,0,0,X
24/09/23,Torino,Roma,1,1,D,2023-09-24,Torino,Roma,1,1,X
26/09/23,Juventus,Lecce,1,0,H,2023-09-26,Juventus,Lecce,1,0,1
27/09/23,Cagliari,Milan,1,3,A,2023-09-27,Cagliari,Milan,1,3,2
27/09/23,Empoli,Salernitana,1,0,H,2023-09-27,Empoli,Salernitana,1,0,1
27/09/23,Verona,Atalanta,0,1,A,2023-09-27,Verona,Atalanta,0,1,2
27/09/23,Inter,Sassuolo,1,2,A,2023-09-27,Inter,Sassuolo,1,2,2
27/09/23,Lazio,Torino,2,0,H,2023-09-27,Lazio,Torino,2,0,1
27/09/23,Napoli,Udinese,4,1,H,2023-09-27,Napoli,Udinese,4,1,1
28/09/23,Frosinone,Fiorentina,1,1,D,2023-09-28,Frosinone,Fiorentina,1,1,X
28/09/23,Monza,Bologna,0,0,D,2023-09-28,Monza,Bologna,0,0,X
28/09/23,Genoa,Roma,4,1,H,2023-09-28,Genoa,Roma,4,1,1
30/09/23,Lecce,Napoli,0,4,A,2023-09-30,Lecce,Napoli,0,4,2
30/09/23,Milan,Lazio,2,0,H,2023-09-30,Milan,Lazio,2,0,1
30/09/23,Salernitana,Inter,0,4,A,2023-09-30,Salernitana,Inter,0,4,2
01/10/23,Bologna,Empoli,3,0,H,2023-10-01,Bologna,Empoli,3,0,1
01/10/23,Udinese,Genoa,2,2,D,2023-10-01,Udinese,Genoa,2,2,X
01/10/23,Atalanta,Juventus,0,0,D,2023-10-01,Atalanta,Juventus,0,0,X
01/10/23,Roma,Frosinone,2,0,H,2023-10-01,Roma,Frosinone,2,0,1
02/10/23,Sassuolo,Monza,0,1,A,2023-10-02,Sassuolo,Monza,0,1,2
02/10/23,Torino,Verona,0,0,D,2023-10-02,Torino,Verona,0,0,X
02/10/23,Fiorentina,Cagliari,3,0,H,2023-10-02,Fiorentina,Cagliari,3,0,1
06/10/23,Empoli,Udinese,0,0,D,2023-10-06,Empoli,Udinese,0,0,X
06/10/23,Lecce,Sassuolo,1,1,D,2023-10-06,Lecce,Sassuolo,1,1,X
07/10/23,Inter,Bologna,2,2,D,2023-10-07,Inter,Bologna,2,2,X
07/10/23,Juventus,Torino,2,0,H,2023-10-07,Juventus,Torino,2,0,1
07/10/23,Genoa,Milan,0,1,A,2023-10-07,Genoa,Milan,0,1,2
08/10/23,Monza,Salernitana,3,0,H,2023-10-08,Monza,Salernitana,3,0,1
08/10/23,Frosinone,Verona,2,1,H,2023-10-08,Frosinone,Verona,2,1,1
08/10/23,Lazio,Atalanta,3,2,H,2023-10-08,Lazio,Atalanta,3,2,1
08/10/23,Cagliari,Roma,1,4,A,2023-10-08,Cagliari,Roma,1,4,2
08/10/23,Napoli,Fiorentina,1,3,A,2023-10-08,Napoli,Fiorentina,1,3,2
21/10/23,Verona,Napoli,1,3,A,2023-10-21,Verona,Napoli,1,3,2
21/10/23,Torino,Inter,0,3,A,2023-10-21,Torino,Inter,0,3,2
21/10/23,Sassuolo,Lazio,0,2,A,2023-10-21,Sassuolo,Lazio,0,2,2
22/10/23,Roma,Monza,1,0,H,2023-10-22,Roma,Monza,1,0,1
22/10/23,Bologna,Frosinone,2,1,H,2023-10-22,Bologna,Frosinone,2,1,1
22/10/23,Salernitana,Cagliari,2,2,D,2023-10-22,Salernitana,Cagliari,2,2,X
22/10/23,Atalanta,Genoa,2,0,H,2023-10-22,Atalanta,Genoa,2,0,1
22/10/23,Milan,Juventus,0,1,A,2023-10-22,Milan,Juventus,0,1,2
23/10/23,Udinese,Lecce,1,1,D,2023-10-23,Udinese,Lecce,1,1,X
23/10/23,Fiorentina,Empoli,0,2,A,2023-10-23,Fiorentina,Empoli,0,2,2
27/10/23,Genoa,Salernitana,1,0,H,2023-10-27,Genoa,Salernitana,1,0,1
28/10/23,Sassuolo,Bologna,1,1,D,2023-10-28,Sassuolo,Bologna,1,1,X
28/10/23,Lecce,Torino,0,1,A,2023-10-28,Lecce,Torino,0,1,2
28/10/23,Juventus,Verona,1,0,H,2023-10-28,Juventus,Verona,1,0,1
29/10/23,Cagliari,Frosinone,4,3,H,2023-10-29,Cagliari,Frosinone,4,3,1
29/10/23,Monza,Udinese,1,1,D,2023-10-29,Monza,Udinese,1,1,X
29/10/23,Inter,Roma,1,0,H,2023-10-29,Inter,Roma,1,0,1
29/10/23,Napoli,Milan,2,2,D,2023-10-29,Napoli,Milan,2,2,X
30/10/23,Empoli,Atalanta,0,3,A,2023-10-30,Empoli,Atalanta,0,3,2
30/10/23,Lazio,Fiorentina,1,0,H,2023-10-30,Lazio,Fiorentina,1,0,1
03/11/23,Bologna,Lazio,1,0,H,2023-11-03,Bologna,Lazio,1,0,1
04/11/23,Salernitana,Napoli,0,2,A,2023-11-04,Salernitana,Napoli,0,2,2
04/11/23,Atalanta,Inter,1,2,A,2023-11-04,Atalanta,Inter,1,2,2
04/11/23,Milan,Udinese,0,1,A,2023-11-04,Milan,Udinese,0,1,2
05/11/23,Verona,Monza,1,3,A,2023-11-05,Verona,Monza,1,3,2
05/11/23,Cagliari,Genoa,2,1,H,2023-11-05,Cagliari,Genoa,2,1,1
05/11/23,Roma,Lecce,2,1,H,2023-11-05,Roma,Lecce,2,1,1
05/11/23,Fiorentina,Juventus,0,1,A,2023-11-05,Fiorentina,Juventus,0,1,2
06/11/23,Frosinone,Empoli,2,1,H,2023-11-06,Frosinone,Empoli,2,1,1
06/11/23,Torino,Sassuolo,2,1,H,2023-11-06,Torino,Sassuolo,2,1,1
10/11/23,Sassuolo,Salernitana,2,2,D,2023-11-10,Sassuolo,Salernitana,2,2,X
10/11/23,Genoa,Verona,1,0,H,2023-11-10,Genoa,Verona,1,0,1
11/11/23,Lecce,Milan,2,2,D,2023-11-11,Lecce,Milan,2,2,X
11/11/23,Juventus,Cagliari,2,1,H,2023-11-11,Juventus,Cagliari,2,1,1
11/11/23,Monza,Torino,1,1,D,2023-11-11,Monza,Torino,1,1,X
12/11/23,Napoli,Empoli,0,1,A,2023-11-12,Napoli,Empoli,0,1,2
12/11/23,Fiorentina,Bologna,2,1,H,2023-11-12,Fiorentina,Bologna,2,1,1
12/11/23,Udinese,Atalanta,1,1,D,2023-11-12,Udinese,Atalanta,1,1,X
12/11/23,Lazio,Roma,0,0,D,2023-11-12,Lazio,Roma,0,0,X
12/11/23,Inter,Frosinone,2,0,H,2023-11-12,Inter,Frosinone,2,0,1
25/11/23,Salernitana,Lazio,2,1,H,2023-11-25,Salernitana,Lazio,2,1,1
25/11/23,Atalanta,Napoli,1,2,A,2023-11-25,Atalanta,Napoli,1,2,2
25/11/23,Milan,Fiorentina,1,0,H,2023-11-25,Milan,Fiorentina,1,0,1
26/11/23,Cagliari,Monza,1,1,D,2023-11-26,Cagliari,Monza,1,1,X
26/11/23,Empoli,Sassuolo,3,4,A,2023-11-26,Empoli,Sassuolo,3,4,2
26/11/23,Frosinone,Genoa,2,1,H,2023-11-26,Frosinone,Genoa,2,1,1
26/11/23,Roma,Udinese,3,1,H,2023-11-26,Roma,Udinese,3,1,1
26/11/23,Juventus,Inter,1,1,D,2023-11-26,Juventus,Inter,1,1,X
27/11/23,Verona,Lecce,2,2,D,2023-11-27,Verona,Lecce,2,2,X
27/11/23,Bologna,Torino,2,0,H,2023-11-27,Bologna,Torino,2,0,1
01/12/23,Monza,Juventus,1,2,A,2023-12-01,Monza,Juventus,1,2,2
02/12/23,Genoa,Empoli,1,1,D,2023-12-02,Genoa,Empoli,1,1,X
02/12/23,Lazio,Cagliari,1,0,H,2023-12-02,Lazio,Cagliari,1,0,1
02/12/23,Milan,Frosinone,3,1,H,2023-12-02,Milan,Frosinone,3,1,1
03/12/23,Lecce,Bologna,1,1,D,2023-12-03,Lecce,Bologna,1,1,X
03/12/23,Fiorentina,Salernitana,3,0,H,2023-12-03,Fiorentina,Salernitana,3,0,1
03/12/23,Udinese,Verona,3,3,D,2023-12-03,Udinese,Verona,3,3,X
03/12/23,Sassuolo,Roma,1,2,A,2023-12-03,Sassuolo,Roma,1,2,2
03/12/23,Napoli,Inter,0,3,A,2023-12-03,Napoli,Inter,0,3,2
04/12/23,Torino,Atalanta,3,0,H,2023-12-04,Torino,Atalanta,3,0,1
08/12/23,Juventus,Napoli,1,0,H,2023-12-08,Juventus,Napoli,1,0,1
09/12/23,Verona,Lazio,1,1,D,2023-12-09,Verona,Lazio,1,1,X
09/12/23,Atalanta,Milan,3,2,H,2023-12-09,Atalanta,Milan,3,2,1
09/12/23,Inter,Udinese,4,0,H,2023-12-09,Inter,Udinese,4,0,1
10/12/23,Frosinone,Torino,0,0,D,2023-12-10,Frosinone,Torino,0,0,X
10/12/23,Monza,Genoa,1,0,H,2023-12-10,Monza,Genoa,1,0,1
10/12/23,Salernitana,Bologna,1,2,A,2023-12-10,Salernitana,Bologna,1,2,2
10/12/23,Roma,Fiorentina,1,1,D,2023-12-10,Roma,Fiorentina,1,1,X
11/12/23,Empoli,Lecce,1,1,D,2023-12-11,Empoli,Lecce,1,1,X
11/12/23,Cagliari,Sassuolo,2,1,H,2023-12-11,Cagliari,Sassuolo,2,1,1
15/12/23,Genoa,Juventus,1,1,D,2023-12-15,Genoa,Juventus,1,1,X
16/12/23,Lecce,Frosinone,2,1,H,2023-12-16,Lecce,Frosinone,2,1,1
16/12/23,Napoli,Cagliari,2,1,H,2023-12-16,Napoli,Cagliari,2,1,1
16/12/23,Torino,Empoli,1,0,H,2023-12-16,Torino,Empoli,1,0,1
17/12/23,Milan,Monza,3,0,H,2023-12-17,Milan,Monza,3,0,1
17/12/23,Fiorentina,Verona,1,0,H,2023-12-17,Fiorentina,Verona,1,0,1
17/12/23,Udinese,Sassuolo,2,2,D,2023-12-17,Udinese,Sassuolo,2,2,X
17/12/23,Bologna,Roma,2,0,H,2023-12-17,Bologna,Roma,2,0,1
17/12/23,Lazio,Inter,0,2,A,2023-12-17,Lazio,Inter,0,2,2
18/12/23,Atalanta,Salernitana,4,1,H,2023-12-18,Atalanta,Salernitana,4,1,1
22/12/23,Empoli,Lazio,0,2,A,2023-12-22,Empoli,Lazio,0,2,2
22/12/23,Sassuolo,Genoa,1,2,A,2023-12-22,Sassuolo,Genoa,1,2,2
22/12/23,Monza,Fiorentina,0,1,A,2023-12-22,Monza,Fiorentina,0,1,2
22/12/23,Salernitana,Milan,2,2,D,2023-12-22,Salernitana,Milan,2,2,X
23/12/23,Frosinone,Juventus,1,2,A,2023-12-23,Frosinone,Juventus,1,2,2
23/12/23,Bologna,Atalanta,1,0,H,2023-12-23,Bologna,Atalanta,1,0,1
23/12/23,Torino,Udinese,1,1,D,2023-12-23,Torino,Udinese,1,1,X
23/12/23,Inter,Lecce,2,0,H,2023-12-23,Inter,Lecce,2,0,1
23/12/23,Verona,Cagliari,2,0,H,2023-12-23,Verona,Cagliari,2,0,1
23/12/23,Roma,Napoli,2,0,H,2023-12-23,Roma,Napoli,2,0,1
29/12/23,Fiorentina,Torino,1,0,H,2023-12-29,Fiorentina,Torino,1,0,1
29/12/23,Napoli,Monza,0,0,D,2023-12-29,Napoli,Monza,0,0,X
29/12/23,Genoa,Inter,1,1,D,2023-12-29,Genoa,Inter,1,1,X
29/12/23,Lazio,Frosinone,3,1,H,2023-12-29,Lazio,Frosinone,3,1,1
30/12/23,Atalanta,Lecce,1,0,H,2023-12-30,Atalanta,Lecce,1,0,1
30/12/23,Cagliari,Empoli,0,0,D,2023-12-30,Cagliari,Empoli,0,0,X
30/12/23,Udinese,Bologna,3,0,H,2023-12-30,Udinese,Bologna,3,0,1
30/12/23,Milan,Sassuolo,1,0,H,2023-12-30,Milan,Sassuolo,1,0,1
30/12/23,Verona,Salernitana,0,1,A,2023-12-30,Verona,Salernitana,0,1,2
30/12/23,Juventus,Roma,1,0,H,2023-12-30,Juventus,Roma,1,0,1
05/01/24,Bologna,Genoa,1,1,D,2024-01-05,Bologna,Genoa,1,1,X
06/01/24,Inter,Verona,2,1,H,2024-01-06,Inter,Verona,2,1,1
06/01/24,Frosinone,Monza,2,3,A,2024-01-06,Frosinone,Monza,2,3,2
06/01/24,Lecce,Cagliari,1,1,D,2024-01-06,Lecce,Cagliari,1,1,X
06/01/24,Sassuolo,Fiorentina,1,0,H,2024-01-06,Sassuolo,Fiorentina,1,0,1
07/01/24,Empoli,Milan,0,3,A,2024-01-07,Empoli,Milan,0,3,2
07/01/24,Torino,Napoli,3,0,H,2024-01-07,Torino,Napoli,3,0,1
07/01/24,Udinese,Lazio,1,2,A,2024-01-07,Udinese,Lazio,1,2,2
07/01/24,Salernitana,Juventus,1,2,A,2024-01-07,Salernitana,Juventus,1,2,2
07/01/24,Roma,Atalanta,1,1,D,2024-01-07,Roma,Atalanta,1,1,X
13/01/24,Genoa,Torino,0,0,D,2024-01-13,Genoa,Torino,0,0,X
13/01/24,Napoli,Salernitana,2,1,H,2024-01-13,Napoli,Salernitana,2,1,1
13/01/24,Verona,Empoli,2,1,H,2024-01-13,Verona,Empoli,2,1,1
13/01/24,Monza,Inter,1,5,A,2024-01-13,Monza,Inter,1,5,2
14/01/24,Lazio,Lecce,1,0,H,2024-01-14,Lazio,Lecce,1,0,1
14/01/24,Cagliari,Bologna,2,1,H,2024-01-14,Cagliari,Bologna,2,1,1
14/01/24,Fiorentina,Udinese,2,2,D,2024-01-14,Fiorentina,Udinese,2,2,X
14/01/24,Milan,Roma,3,1,H,2024-01-14,Milan,Roma,3,1,1
15/01/24,Atalanta,Frosinone,5,0,H,2024-01-15,Atalanta,Frosinone,5,0,1
16/01/24,Juventus,Sassuolo,3,0,H,2024-01-16,Juventus,Sassuolo,3,0,1
20/01/24,Roma,Verona,2,1,H,2024-01-20,Roma,Verona,2,1,1
20/01/24,Udinese,Milan,2,3,A,2024-01-20,Udinese,Milan,2,3,2
21/01/24,Frosinone,Cagliari,3,1,H,2024-01-21,Frosinone,Cagliari,3,1,1
21/01/24,Empoli,Monza,3,0,H,2024-01-21,Empoli,Monza,3,0,1
21/01/24,Salernitana,Genoa,1,2,A,2024-01-21,Salernitana,Genoa,1,2,2
21/01/24,Lecce,Juventus,0,3,A,2024-01-21,Lecce,Juventus,0,3,2
26/01/24,Cagliari,Torino,1,2,A,2024-01-26,Cagliari,Torino,1,2,2
27/01/24,Atalanta,Udinese,2,0,H,2024-01-27,Atalanta,Udinese,2,0,1
27/01/24,Juventus,Empoli,1,1,D,2024-01-27,Juventus,Empoli,1,1,X
27/01/24,Milan,Bologna,2,2,D,2024-01-27,Milan,Bologna,2,2,X
28/01/24,Genoa,Lecce,2,1,H,2024-01-28,Genoa,Lecce,2,1,1
28/01/24,Monza,Sassuolo,1,0,H,2024-01-28,Monza,Sassuolo,1,0,1
28/01/24,Verona,Frosinone,1,1,D,2024-01-28,Verona,Frosinone,1,1,X
28/01/24,Lazio,Napoli,0,0,D,2024-01-28,Lazio,Napoli,0,0,X
28/01/24,Fiorentina,Inter,0,1,A,2024-01-28,Fiorentina,Inter,0,1,2
29/01/24,Salernitana,Roma,1,2,A,2024-01-29,Salernitana,Roma,1,2,2
02/02/24,Lecce,Fiorentina,3,2,H,2024-02-02,Lecce,Fiorentina,3,2,1
03/02/24,Empoli,Genoa,0,0,D,2024-02-03,Empoli,Genoa,0,0,X
03/02/24,Udinese,Monza,0,0,D,2024-02-03,Udinese,Monza,0,0,X
03/02/24,Frosinone,Milan,2,3,A,2024-02-03,Frosinone,Milan,2,3,2
03/02/24,Bologna,Sassuolo,4,2,H,2024-02-03,Bologna,Sassuolo,4,2,1
04/02/24,Torino,Salernitana,0,0,D,2024-02-04,Torino,Salernitana,0,0,X
04/02/24,Napoli,Verona,2,1,H,2024-02-04,Napoli,Verona,2,1,1
04/02/24,Atalanta,Lazio,3,1,H,2024-02-04,Atalanta,Lazio,3,1,1
04/02/24,Inter,Juventus,1,0,H,2024-02-04,Inter,Juventus,1,0,1
05/02/24,Roma,Cagliari,4,0,H,2024-02-05,Roma,Cagliari,4,0,1
09/02/24,Salernitana,Empoli,1,3,A,2024-02-09,Salernitana,Empoli,1,3,2
10/02/24,Cagliari,Lazio,1,3,A,2024-02-10,Cagliari,Lazio,1,3,2
10/02/24,Roma,Inter,2,4,A,2024-02-10,Roma,Inter,2,4,2
10/02/24,Sassuolo,Torino,1,1,D,2024-02-10,Sassuolo,Torino,1,1,X
11/02/24,Fiorentina,Frosinone,5,1,H,2024-02-11,Fiorentina,Frosinone,5,1,1
11/02/24,Bologna,Lecce,4,0,H,2024-02-11,Bologna,Lecce,4,0,1
11/02/24,Monza,Verona,0,0,D,2024-02-11,Monza,Verona,0,0,X
11/02/24,Genoa,Atalanta,1,4,A,2024-02-11,Genoa,Atalanta,1,4,2
11/02/24,Milan,Napoli,1,0,H,2024-02-11,Milan,Napoli,1,0,1
12/02/24,Juventus,Udinese,0,1,A,2024-02-12,Juventus,Udinese,0,1,2
14/02/24,Bologna,Fiorentina,2,0,H,2024-02-14,Bologna,Fiorentina,2,0,1
16/02/24,Torino,Lecce,2,0,H,2024-02-16,Torino,Lecce,2,0,1
16/02/24,Inter,Salernitana,4,0,H,2024-02-16,Inter,Salernitana,4,0,1
17/02/24,Napoli,Genoa,1,1,D,2024-02-17,Napoli,Genoa,1,1,X
17/02/24,Verona,Juventus,2,2,D,2024-02-17,Verona,Juventus,2,2,X
17/02/24,Atalanta,Sassuolo,3,0,H,2024-02-17,Atalanta,Sassuolo,3,0,1
18/02/24,Lazio,Bologna,1,2,A,2024-02-18,Lazio,Bologna,1,2,2
18/02/24,Empoli,Fiorentina,1,1,D,2024-02-18,Empoli,Fiorentina,1,1,X
18/02/24,Udinese,Cagliari,1,1,D,2024-02-18,Udinese,Cagliari,1,1,X
18/02/24,Frosinone,Roma,0,3,A,2024-02-18,Frosinone,Roma,0,3,2
18/02/24,Monza,Milan,4,2,H,2024-02-18,Monza,Milan,4,2,1
22/02/24,Torino,Lazio,0,2,A,2024-02-22,Torino,Lazio,0,2,2
23/02/24,Bologna,Verona,2,0,H,2024-02-23,Bologna,Verona,2,0,1
24/02/24,Sassuolo,Empoli,2,3,A,2024-02-24,Sassuolo,Empoli,2,3,2
24/02/24,Salernitana,Monza,0,2,A,2024-02-24,Salernitana,Monza,0,2,2
24/02/24,Genoa,Udinese,2,0,H,2024-02-24,Genoa,Udinese,2,0,1
25/02/24,Juventus,Frosinone,3,2,H,2024-02-25,Juventus,Frosinone,3,2,1
25/02/24,Cagliari,Napoli,1,1,D,2024-02-25,Cagliari,Napoli,1,1,X
25/02/24,Lecce,Inter,0,4,A,2024-02-25,Lecce,Inter,0,4,2
25/02/24,Milan,Atalanta,1,1,D,2024-02-25,Milan,Atalanta,1,1,X
26/02/24,Roma,Torino,3,2,H,2024-02-26,Roma,Torino,3,2,1
26/02/24,Fiorentina,Lazio,2,1,H,2024-02-26,Fiorentina,Lazio,2,1,1
28/02/24,Sassuolo,Napoli,1,6,A,2024-02-28,Sassuolo,Napoli,1,6,2
28/02/24,Inter,Atalanta,4,0,H,2024-02-28,Inter,Atalanta,4,0,1
01/03/24,Lazio,Milan,0,1,A,2024-03-01,Lazio,Milan,0,1,2
02/03/24,Udinese,Salernitana,1,1,D,2024-03-02,Udinese,Salernitana,1,1,X
02/03/24,Monza,Roma,1,4,A,2024-03-02,Monza,Roma,1,4,2
02/03/24,Torino,Fiorentina,0,0,D,2024-03-02,Torino,Fiorentina,0,0,X
03/03/24,Verona,Sassuolo,1,0,H,2024-03-03,Verona,Sassuolo,1,0,1
03/03/24,Empoli,Cagliari,0,1,A,2024-03-03,Empoli,Cagliari,0,1,2
03/03/24,Frosinone,Lecce,1,1,D,2024-03-03,Frosinone,Lecce,1,1,X
03/03/24,Atalanta,Bologna,1,2,A,2024-03-03,Atalanta,Bologna,1,2,2
03/03/24,Napoli,Juventus,2,1,H,2024-03-03,Napoli,Juventus,2,1,1
04/03/24,Inter,Genoa,2,1,H,2024-03-04,Inter,Genoa,2,1,1
08/03/24,Napoli,Torino,1,1,D,2024-03-08,Napoli,Torino,1,1,X
09/03/24,Cagliari,Salernitana,4,2,H,2024-03-09,Cagliari,Salernitana,4,2,1
09/03/24,Sassuolo,Frosinone,1,0,H,2024-03-09,Sassuolo,Frosinone,1,0,1
09/03/24,Bologna,Inter,0,1,A,2024-03-09,Bologna,Inter,0,1,2
09/03/24,Genoa,Monza,2,3,A,2024-03-09,Genoa,Monza,2,3,2
10/03/24,Lecce,Verona,0,1,A,2024-03-10,Lecce,Verona,0,1,2
10/03/24,Milan,Empoli,1,0,H,2024-03-10,Milan,Empoli,1,0,1
10/03/24,Juventus,Atalanta,2,2,D,2024-03-10,Juventus,Atalanta,2,2,X
10/03/24,Fiorentina,Roma,2,2,D,2024-03-10,Fiorentina,Roma,2,2,X
11/03/24,Lazio,Udinese,1,2,A,2024-03-11,Lazio,Udinese,1,2,2
15/03/24,Empoli,Bologna,0,1,A,2024-03-15,Empoli,Bologna,0,1,2
16/03/24,Monza,Cagliari,1,0,H,2024-03-16,Monza,Cagliari,1,0,1
16/03/24,Udinese,Torino,0,2,A,2024-03-16,Udinese,Torino,0,2,2
16/03/24,Salernitana,Lecce,0,1,A,2024-03-16,Salernitana,Lecce,0,1,2
16/03/24,Frosinone,Lazio,2,3,A,2024-03-16,Frosinone,Lazio,2,3,2
17/03/24,Juventus,Genoa,0,0,D,2024-03-17,Juventus,Genoa,0,0,X
17/03/24,Verona,Milan,1,3,A,2024-03-17,Verona,Milan,1,3,2
17/03/24,Roma,Sassuolo,1,0,H,2024-03-17,Roma,Sassuolo,1,0,1
17/03/24,Inter,Napoli,1,1,D,2024-03-17,Inter,Napoli,1,1,X
30/03/24,Napoli,Atalanta,0,3,A,2024-03-30,Napoli,Atalanta,0,3,2
30/03/24,Genoa,Frosinone,1,1,D,2024-03-30,Genoa,Frosinone,1,1,X
30/03/24,Torino,Monza,1,0,H,2024-03-30,Torino,Monza,1,0,1
30/03/24,Lazio,Juventus,1,0,H,2024-03-30,Lazio,Juventus,1,0,1
30/03/24,Fiorentina,Milan,1,2,A,2024-03-30,Fiorentina,Milan,1,2,2
01/04/24,Bologna,Salernitana,3,0,H,2024-04-01,Bologna,Salernitana,3,0,1
01/04/24,Cagliari,Verona,1,1,D,2024-04-01,Cagliari,Verona,1,1,X
01/04/24,Sassuolo,Udinese,1,1,D,2024-04-01,Sassuolo,Udinese,1,1,X
01/04/24,Lecce,Roma,0,0,D,2024-04-01,Lecce,Roma,0,0,X
01/04/24,Inter,Empoli,2,0,H,2024-04-01,Inter,Empoli,2,0,1
05/04/24,Salernitana,Sassuolo,2,2,D,2024-04-05,Salernitana,Sassuolo,2,2,X
06/04/24,Milan,Lecce,3,0,H,2024-04-06,Milan,Lecce,3,0,1
06/04/24,Roma,Lazio,1,0,H,2024-04-06,Roma,Lazio,1,0,1
06/04/24,Empoli,Torino,3,2,H,2024-04-06,Empoli,Torino,3,2,1
07/04/24,Frosinone,Bologna,0,0,D,2024-04-07,Frosinone,Bologna,0,0,X
07/04/24,Monza,Napoli,2,4,A,2024-04-07,Monza,Napoli,2,4,2
07/04/24,Cagliari,Atalanta,2,1,H,2024-04-07,Cagliari,Atalanta,2,1,1
07/04/24,Verona,Genoa,1,2,A,2024-04-07,Verona,Genoa,1,2,2
07/04/24,Juventus,Fiorentina,1,0,H,2024-04-07,Juventus,Fiorentina,1,0,1
08/04/24,Udinese,Inter,1,2,A,2024-04-08,Udinese,Inter,1,2,2
12/04/24,Lazio,Salernitana,4,1,H,2024-04-12,Lazio,Salernitana,4,1,1
13/04/24,Lecce,Empoli,1,0,H,2024-04-13,Lecce,Empoli,1,0,1
13/04/24,Torino,Juventus,0,0,D,2024-04-13,Torino,Juventus,0,0,X
13/04/24,Bologna,Monza,0,0,D,2024-04-13,Bologna,Monza,0,0,X
14/04/24,Napoli,Frosinone,2,2,D,2024-04-14,Napoli,Frosinone,2,2,X
14/04/24,Sassuolo,Milan,3,3,D,2024-04-14,Sassuolo,Milan,3,3,X
14/04/24,Inter,Cagliari,2,2,D,2024-04-14,Inter,Cagliari,2,2,X
15/04/24,Fiorentina,Genoa,1,1,D,2024-04-15,Fiorentina,Genoa,1,1,X
15/04/24,Atalanta,Verona,2,2,D,2024-04-15,Atalanta,Verona,2,2,X
19/04/24,Genoa,Lazio,0,1,A,2024-04-19,Genoa,Lazio,0,1,2
19/04/24,Cagliari,Juventus,2,2,D,2024-04-19,Cagliari,Juventus,2,2,X
20/04/24,Empoli,Napoli,1,0,H,2024-04-20,Empoli,Napoli,1,0,1
20/04/24,Verona,Udinese,1,0,H,2024-04-20,Verona,Udinese,1,0,1
21/04/24,Sassuolo,Lecce,0,3,A,2024-04-21,Sassuolo,Lecce,0,3,2
21/04/24,Torino,Frosinone,0,0,D,2024-04-21,Torino,Frosinone,0,0,X
21/04/24,Salernitana,Fiorentina,0,2,A,2024-04-21,Salernitana,Fiorentina,0,2,2
21/04/24,Monza,Atalanta,1,2,A,2024-04-21,Monza,Atalanta,1,2,2
22/04/24,Roma,Bologna,1,3,A,2024-04-22,Roma,Bologna,1,3,2
22/04/24,Milan,Inter,1,2,A,2024-04-22,Milan,Inter,1,2,2
25/04/24,Udinese,Roma,1,2,A,2024-04-25,Udinese,Roma,1,2,2
26/04/24,Frosinone,Salernitana,3,0,H,2024-04-26,Frosinone,Salernitana,3,0,1
27/04/24,Lecce,Monza,1,1,D,2024-04-27,Lecce,Monza,1,1,X
27/04/24,Juventus,Milan,0,0,D,2024-04-27,Juventus,Milan,0,0,X
27/04/24,Lazio,Verona,1,0,H,2024-04-27,Lazio,Verona,1,0,1
28/04/24,Inter,Torino,2,0,H,2024-04-28,Inter,Torino,2,0,1
28/04/24,Bologna,Udinese,1,1,D,2024-04-28,Bologna,Udinese,1,1,X
28/04/24,Atalanta,Empoli,2,0,H,2024-04-28,Atalanta,Empoli,2,0,1
28/04/24,Napoli,Roma,2,2,D,2024-04-28,Napoli,Roma,2,2,X
28/04/24,Fiorentina,Sassuolo,5,1,H,2024-04-28,Fiorentina,Sassuolo,5,1,1
29/04/24,Genoa,Cagliari,3,0,H,2024-04-29,Genoa,Cagliari,3,0,1
03/05/24,Torino,Bologna,0,0,D,2024-05-03,Torino,Bologna,0,0,X
04/05/24,Monza,Lazio,2,2,D,2024-05-04,Monza,Lazio,2,2,X
04/05/24,Sassuolo,Inter,1,0,H,2024-05-04,Sassuolo,Inter,1,0,1
05/05/24,Cagliari,Lecce,1,1,D,2024-05-05,Cagliari,Lecce,1,1,X
05/05/24,Empoli,Frosinone,0,0,D,2024-05-05,Empoli,Frosinone,0,0,X
05/05/24,Verona,Fiorentina,2,1,H,2024-05-05,Verona,Fiorentina,2,1,1
05/05/24,Milan,Genoa,3,3,D,2024-05-05,Milan,Genoa,3,3,X
05/05/24,Roma,Juventus,1,1,D,2024-05-05,Roma,Juventus,1,1,X
06/05/24,Salernitana,Atalanta,1,2,A,2024-05-06,Salernitana,Atalanta,1,2,2
06/05/24,Udinese,Napoli,1,1,D,2024-05-06,Udinese,Napoli,1,1,X
10/05/24,Frosinone,Inter,0,5,A,2024-05-10,Frosinone,Inter,0,5,2
11/05/24,Napoli,Bologna,0,2,A,2024-05-11,Napoli,Bologna,0,2,2
11/05/24,Milan,Cagliari,5,1,H,2024-05-11,Milan,Cagliari,5,1,1
12/05/24,Lazio,Empoli,2,0,H,2024-05-12,Lazio,Empoli,2,0,1
12/05/24,Genoa,Sassuolo,2,1,H,2024-05-12,Genoa,Sassuolo,2,1,1
12/05/24,Verona,Torino,1,2,A,2024-05-12,Verona,Torino,1,2,2
12/05/24,Juventus,Salernitana,1,1,D,2024-05-12,Juventus,Salernitana,1,1,X
12/05/24,Atalanta,Roma,2,1,H,2024-05-12,Atalanta,Roma,2,1,1
13/05/24,Lecce,Udinese,0,2,A,2024-05-13,Lecce,Udinese,0,2,2
13/05/24,Fiorentina,Monza,2,1,H,2024-05-13,Fiorentina,Monza,2,1,1
17/05/24,Fiorentina,Napoli,2,2,D,2024-05-17,Fiorentina,Napoli,2,2,X
18/05/24,Lecce,Atalanta,0,2,A,2024-05-18,Lecce,Atalanta,0,2,2
18/05/24,Torino,Milan,3,1,H,2024-05-18,Torino,Milan,3,1,1
19/05/24,Sassuolo,Cagliari,0,2,A,2024-05-19,Sassuolo,Cagliari,0,2,2
19/05/24,Monza,Frosinone,0,1,A,2024-05-19,Monza,Frosinone,0,1,2
19/05/24,Udinese,Empoli,1,1,D,2024-05-19,Udinese,Empoli,1,1,X
19/05/24,Inter,Lazio,1,1,D,2024-05-19,Inter,Lazio,1,1,X
19/05/24,Roma,Genoa,1,0,H,2024-05-19,Roma,Genoa,1,0,1
20/05/24,Salernitana,Verona,1,2,A,2024-05-20,Salernitana,Verona,1,2,2
20/05/24,Bologna,Juventus,3,3,D,2024-05-20,Bologna,Juventus,3,3,X
23/05/24,Cagliari,Fiorentina,2,3,A,2024-05-23,Cagliari,Fiorentina,2,3,2
24/05/24,Genoa,Bologna,2,0,H,2024-05-24,Genoa,Bologna,2,0,1
25/05/24,Juventus,Monza,2,0,H,2024-05-25,Juventus,Monza,2,0,1
25/05/24,Milan,Salernitana,3,3,D,2024-05-25,Milan,Salernitana,3,3,X
26/05/24,Atalanta,Torino,3,0,H,2024-05-26,Atalanta,Torino,3,0,1
26/05/24,Napoli,Lecce,0,0,D,2024-05-26,Napoli,Lecce,0,0,X
26/05/24,Empoli,Roma,2,1,H,2024-05-26,Empoli,Roma,2,1,1
26/05/24,Frosinone,Udinese,0,1,A,2024-05-26,Frosinone,Udinese,0,1,2
26/05/24,Lazio,Sassuolo,1,1,D,2024-05-26,Lazio,Sassuolo,1,1,X
26/05/24,Verona,Inter,2,2,D,2024-05-26,Verona,Inter,2,2,X
02/06/24,Atalanta,Fiorentina,2,3,A,2024-06-02,Atalanta,Fiorentina,2,3,2
